INITIALIZATION
CREATE TABLE unique_table(id int, col1 int, col2 int);
SUCCESS
INSERT INTO unique_table VALUES (1,1,1);
SUCCESS

1. UNIQUE TEST
CREATE UNIQUE INDEX index_id on unique_table(id);
SUCCESS
INSERT INTO unique_table VALUES (2,1,1);
SUCCESS
CREATE UNIQUE INDEX index_id on unique_table(id);
FAILURE
INSERT INTO unique_table VALUES (3,2,1);
SUCCESS
INSERT INTO unique_table VALUES (1,2,1);
FAILURE

2. SELECT
SELECT * FROM unique_table;
1 | 1 | 1
2 | 1 | 1
3 | 2 | 1
ID | COL1 | COL2

CREATE UNIQUE INDEX index_id on unique_table (id,col1);

create table unique_table2(id1 int, id2 int, id3 int, id4 int);
CREATE UNIQUE INDEX index_id on unique_table2(id1,id2);
INSERT INTO unique_table2 VALUES (2,2,1,1);
INSERT INTO unique_table2 VALUES (1,1,1,1);

CREATE UNIQUE INDEX index_id on unique_table2(id);
CREATE UNIQUE INDEX index_id2 on unique_table2(id2);
INSERT INTO unique_table2 VALUES (1,2,1,1);
INSERT INTO unique_table2 VALUES (2,3,1,1);
UPDATE unique_table2 SET id1=1,id2=4 where id2=2;

UPDATE unique_table2 SET id2=1 where id1=1;

UPDATE unique_table2 SET id1=1, id2=4 where id1=2;

update unique_table2 set id3=count(*) where id1=1;